email,password,fullName
loadtest1@justchat.test,TestPass123!,Load Test User 1
loadtest2@justchat.test,TestPass123!,Load Test User 2
loadtest3@justchat.test,TestPass123!,Load Test User 3
loadtest4@justchat.test,TestPass123!,Load Test User 4
loadtest5@justchat.test,TestPass123!,Load Test User 5
loadtest6@justchat.test,TestPass123!,Load Test User 6
loadtest7@justchat.test,TestPass123!,Load Test User 7
loadtest8@justchat.test,TestPass123!,Load Test User 8
loadtest9@justchat.test,TestPass123!,Load Test User 9
loadtest10@justchat.test,TestPass123!,Load Test User 10
loadtest11@justchat.test,TestPass123!,Load Test User 11
loadtest12@justchat.test,TestPass123!,Load Test User 12
loadtest13@justchat.test,TestPass123!,Load Test User 13
loadtest14@justchat.test,TestPass123!,Load Test User 14
loadtest15@justchat.test,TestPass123!,Load Test User 15
loadtest16@justchat.test,TestPass123!,Load Test User 16
loadtest17@justchat.test,TestPass123!,Load Test User 17
loadtest18@justchat.test,TestPass123!,Load Test User 18
loadtest19@justchat.test,TestPass123!,Load Test User 19
loadtest20@justchat.test,TestPass123!,Load Test User 20
loadtest21@justchat.test,TestPass123!,Load Test User 21
loadtest22@justchat.test,TestPass123!,Load Test User 22
loadtest23@justchat.test,TestPass123!,Load Test User 23
loadtest24@justchat.test,TestPass123!,Load Test User 24
loadtest25@justchat.test,TestPass123!,Load Test User 25
loadtest26@justchat.test,TestPass123!,Load Test User 26
loadtest27@justchat.test,TestPass123!,Load Test User 27
loadtest28@justchat.test,TestPass123!,Load Test User 28
loadtest29@justchat.test,TestPass123!,Load Test User 29
loadtest30@justchat.test,TestPass123!,Load Test User 30
loadtest31@justchat.test,TestPass123!,Load Test User 31
loadtest32@justchat.test,TestPass123!,Load Test User 32
loadtest33@justchat.test,TestPass123!,Load Test User 33
loadtest34@justchat.test,TestPass123!,Load Test User 34
loadtest35@justchat.test,TestPass123!,Load Test User 35
loadtest36@justchat.test,TestPass123!,Load Test User 36
loadtest37@justchat.test,TestPass123!,Load Test User 37
loadtest38@justchat.test,TestPass123!,Load Test User 38
loadtest39@justchat.test,TestPass123!,Load Test User 39
loadtest40@justchat.test,TestPass123!,Load Test User 40
loadtest41@justchat.test,TestPass123!,Load Test User 41
loadtest42@justchat.test,TestPass123!,Load Test User 42
loadtest43@justchat.test,TestPass123!,Load Test User 43
loadtest44@justchat.test,TestPass123!,Load Test User 44
loadtest45@justchat.test,TestPass123!,Load Test User 45
loadtest46@justchat.test,TestPass123!,Load Test User 46
loadtest47@justchat.test,TestPass123!,Load Test User 47
loadtest48@justchat.test,TestPass123!,Load Test User 48
loadtest49@justchat.test,TestPass123!,Load Test User 49
loadtest50@justchat.test,TestPass123!,Load Test User 50
loadtest51@justchat.test,TestPass123!,Load Test User 51
loadtest52@justchat.test,TestPass123!,Load Test User 52
loadtest53@justchat.test,TestPass123!,Load Test User 53
loadtest54@justchat.test,TestPass123!,Load Test User 54
loadtest55@justchat.test,TestPass123!,Load Test User 55
loadtest56@justchat.test,TestPass123!,Load Test User 56
loadtest57@justchat.test,TestPass123!,Load Test User 57
loadtest58@justchat.test,TestPass123!,Load Test User 58
loadtest59@justchat.test,TestPass123!,Load Test User 59
loadtest60@justchat.test,TestPass123!,Load Test User 60
loadtest61@justchat.test,TestPass123!,Load Test User 61
loadtest62@justchat.test,TestPass123!,Load Test User 62
loadtest63@justchat.test,TestPass123!,Load Test User 63
loadtest64@justchat.test,TestPass123!,Load Test User 64
loadtest65@justchat.test,TestPass123!,Load Test User 65
loadtest66@justchat.test,TestPass123!,Load Test User 66
loadtest67@justchat.test,TestPass123!,Load Test User 67
loadtest68@justchat.test,TestPass123!,Load Test User 68
loadtest69@justchat.test,TestPass123!,Load Test User 69
loadtest70@justchat.test,TestPass123!,Load Test User 70
loadtest71@justchat.test,TestPass123!,Load Test User 71
loadtest72@justchat.test,TestPass123!,Load Test User 72
loadtest73@justchat.test,TestPass123!,Load Test User 73
loadtest74@justchat.test,TestPass123!,Load Test User 74
loadtest75@justchat.test,TestPass123!,Load Test User 75
loadtest76@justchat.test,TestPass123!,Load Test User 76
loadtest77@justchat.test,TestPass123!,Load Test User 77
loadtest78@justchat.test,TestPass123!,Load Test User 78
loadtest79@justchat.test,TestPass123!,Load Test User 79
loadtest80@justchat.test,TestPass123!,Load Test User 80
loadtest81@justchat.test,TestPass123!,Load Test User 81
loadtest82@justchat.test,TestPass123!,Load Test User 82
loadtest83@justchat.test,TestPass123!,Load Test User 83
loadtest84@justchat.test,TestPass123!,Load Test User 84
loadtest85@justchat.test,TestPass123!,Load Test User 85
loadtest86@justchat.test,TestPass123!,Load Test User 86
loadtest87@justchat.test,TestPass123!,Load Test User 87
loadtest88@justchat.test,TestPass123!,Load Test User 88
loadtest89@justchat.test,TestPass123!,Load Test User 89
loadtest90@justchat.test,TestPass123!,Load Test User 90
loadtest91@justchat.test,TestPass123!,Load Test User 91
loadtest92@justchat.test,TestPass123!,Load Test User 92
loadtest93@justchat.test,TestPass123!,Load Test User 93
loadtest94@justchat.test,TestPass123!,Load Test User 94
loadtest95@justchat.test,TestPass123!,Load Test User 95
loadtest96@justchat.test,TestPass123!,Load Test User 96
loadtest97@justchat.test,TestPass123!,Load Test User 97
loadtest98@justchat.test,TestPass123!,Load Test User 98
loadtest99@justchat.test,TestPass123!,Load Test User 99
loadtest100@justchat.test,TestPass123!,Load Test User 100
loadtest101@justchat.test,TestPass123!,Load Test User 101
loadtest102@justchat.test,TestPass123!,Load Test User 102
loadtest103@justchat.test,TestPass123!,Load Test User 103
loadtest104@justchat.test,TestPass123!,Load Test User 104
loadtest105@justchat.test,TestPass123!,Load Test User 105
loadtest106@justchat.test,TestPass123!,Load Test User 106
loadtest107@justchat.test,TestPass123!,Load Test User 107
loadtest108@justchat.test,TestPass123!,Load Test User 108
loadtest109@justchat.test,TestPass123!,Load Test User 109
loadtest110@justchat.test,TestPass123!,Load Test User 110
loadtest111@justchat.test,TestPass123!,Load Test User 111
loadtest112@justchat.test,TestPass123!,Load Test User 112
loadtest113@justchat.test,TestPass123!,Load Test User 113
loadtest114@justchat.test,TestPass123!,Load Test User 114
loadtest115@justchat.test,TestPass123!,Load Test User 115
loadtest116@justchat.test,TestPass123!,Load Test User 116
loadtest117@justchat.test,TestPass123!,Load Test User 117
loadtest118@justchat.test,TestPass123!,Load Test User 118
loadtest119@justchat.test,TestPass123!,Load Test User 119
loadtest120@justchat.test,TestPass123!,Load Test User 120
loadtest121@justchat.test,TestPass123!,Load Test User 121
loadtest122@justchat.test,TestPass123!,Load Test User 122
loadtest123@justchat.test,TestPass123!,Load Test User 123
loadtest124@justchat.test,TestPass123!,Load Test User 124
loadtest125@justchat.test,TestPass123!,Load Test User 125
loadtest126@justchat.test,TestPass123!,Load Test User 126
loadtest127@justchat.test,TestPass123!,Load Test User 127
loadtest128@justchat.test,TestPass123!,Load Test User 128
loadtest129@justchat.test,TestPass123!,Load Test User 129
loadtest130@justchat.test,TestPass123!,Load Test User 130
loadtest131@justchat.test,TestPass123!,Load Test User 131
loadtest132@justchat.test,TestPass123!,Load Test User 132
loadtest133@justchat.test,TestPass123!,Load Test User 133
loadtest134@justchat.test,TestPass123!,Load Test User 134
loadtest135@justchat.test,TestPass123!,Load Test User 135
loadtest136@justchat.test,TestPass123!,Load Test User 136
loadtest137@justchat.test,TestPass123!,Load Test User 137
loadtest138@justchat.test,TestPass123!,Load Test User 138
loadtest139@justchat.test,TestPass123!,Load Test User 139
loadtest140@justchat.test,TestPass123!,Load Test User 140
loadtest141@justchat.test,TestPass123!,Load Test User 141
loadtest142@justchat.test,TestPass123!,Load Test User 142
loadtest143@justchat.test,TestPass123!,Load Test User 143
loadtest144@justchat.test,TestPass123!,Load Test User 144
loadtest145@justchat.test,TestPass123!,Load Test User 145
loadtest146@justchat.test,TestPass123!,Load Test User 146
loadtest147@justchat.test,TestPass123!,Load Test User 147
loadtest148@justchat.test,TestPass123!,Load Test User 148
loadtest149@justchat.test,TestPass123!,Load Test User 149
loadtest150@justchat.test,TestPass123!,Load Test User 150
loadtest151@justchat.test,TestPass123!,Load Test User 151
loadtest152@justchat.test,TestPass123!,Load Test User 152
loadtest153@justchat.test,TestPass123!,Load Test User 153
loadtest154@justchat.test,TestPass123!,Load Test User 154
loadtest155@justchat.test,TestPass123!,Load Test User 155
loadtest156@justchat.test,TestPass123!,Load Test User 156
loadtest157@justchat.test,TestPass123!,Load Test User 157
loadtest158@justchat.test,TestPass123!,Load Test User 158
loadtest159@justchat.test,TestPass123!,Load Test User 159
loadtest160@justchat.test,TestPass123!,Load Test User 160
loadtest161@justchat.test,TestPass123!,Load Test User 161
loadtest162@justchat.test,TestPass123!,Load Test User 162
loadtest163@justchat.test,TestPass123!,Load Test User 163
loadtest164@justchat.test,TestPass123!,Load Test User 164
loadtest165@justchat.test,TestPass123!,Load Test User 165
loadtest166@justchat.test,TestPass123!,Load Test User 166
loadtest167@justchat.test,TestPass123!,Load Test User 167
loadtest168@justchat.test,TestPass123!,Load Test User 168
loadtest169@justchat.test,TestPass123!,Load Test User 169
loadtest170@justchat.test,TestPass123!,Load Test User 170
loadtest171@justchat.test,TestPass123!,Load Test User 171
loadtest172@justchat.test,TestPass123!,Load Test User 172
loadtest173@justchat.test,TestPass123!,Load Test User 173
loadtest174@justchat.test,TestPass123!,Load Test User 174
loadtest175@justchat.test,TestPass123!,Load Test User 175
loadtest176@justchat.test,TestPass123!,Load Test User 176
loadtest177@justchat.test,TestPass123!,Load Test User 177
loadtest178@justchat.test,TestPass123!,Load Test User 178
loadtest179@justchat.test,TestPass123!,Load Test User 179
loadtest180@justchat.test,TestPass123!,Load Test User 180
loadtest181@justchat.test,TestPass123!,Load Test User 181
loadtest182@justchat.test,TestPass123!,Load Test User 182
loadtest183@justchat.test,TestPass123!,Load Test User 183
loadtest184@justchat.test,TestPass123!,Load Test User 184
loadtest185@justchat.test,TestPass123!,Load Test User 185
loadtest186@justchat.test,TestPass123!,Load Test User 186
loadtest187@justchat.test,TestPass123!,Load Test User 187
loadtest188@justchat.test,TestPass123!,Load Test User 188
loadtest189@justchat.test,TestPass123!,Load Test User 189
loadtest190@justchat.test,TestPass123!,Load Test User 190
loadtest191@justchat.test,TestPass123!,Load Test User 191
loadtest192@justchat.test,TestPass123!,Load Test User 192
loadtest193@justchat.test,TestPass123!,Load Test User 193
loadtest194@justchat.test,TestPass123!,Load Test User 194
loadtest195@justchat.test,TestPass123!,Load Test User 195
loadtest196@justchat.test,TestPass123!,Load Test User 196
loadtest197@justchat.test,TestPass123!,Load Test User 197
loadtest198@justchat.test,TestPass123!,Load Test User 198
loadtest199@justchat.test,TestPass123!,Load Test User 199
loadtest200@justchat.test,TestPass123!,Load Test User 200
loadtest201@justchat.test,TestPass123!,Load Test User 201
loadtest202@justchat.test,TestPass123!,Load Test User 202
loadtest203@justchat.test,TestPass123!,Load Test User 203
loadtest204@justchat.test,TestPass123!,Load Test User 204
loadtest205@justchat.test,TestPass123!,Load Test User 205
loadtest206@justchat.test,TestPass123!,Load Test User 206
loadtest207@justchat.test,TestPass123!,Load Test User 207
loadtest208@justchat.test,TestPass123!,Load Test User 208
loadtest209@justchat.test,TestPass123!,Load Test User 209
loadtest210@justchat.test,TestPass123!,Load Test User 210
loadtest211@justchat.test,TestPass123!,Load Test User 211
loadtest212@justchat.test,TestPass123!,Load Test User 212
loadtest213@justchat.test,TestPass123!,Load Test User 213
loadtest214@justchat.test,TestPass123!,Load Test User 214
loadtest215@justchat.test,TestPass123!,Load Test User 215
loadtest216@justchat.test,TestPass123!,Load Test User 216
loadtest217@justchat.test,TestPass123!,Load Test User 217
loadtest218@justchat.test,TestPass123!,Load Test User 218
loadtest219@justchat.test,TestPass123!,Load Test User 219
loadtest220@justchat.test,TestPass123!,Load Test User 220
loadtest221@justchat.test,TestPass123!,Load Test User 221
loadtest222@justchat.test,TestPass123!,Load Test User 222
loadtest223@justchat.test,TestPass123!,Load Test User 223
loadtest224@justchat.test,TestPass123!,Load Test User 224
loadtest225@justchat.test,TestPass123!,Load Test User 225
loadtest226@justchat.test,TestPass123!,Load Test User 226
loadtest227@justchat.test,TestPass123!,Load Test User 227
loadtest228@justchat.test,TestPass123!,Load Test User 228
loadtest229@justchat.test,TestPass123!,Load Test User 229
loadtest230@justchat.test,TestPass123!,Load Test User 230
loadtest231@justchat.test,TestPass123!,Load Test User 231
loadtest232@justchat.test,TestPass123!,Load Test User 232
loadtest233@justchat.test,TestPass123!,Load Test User 233
loadtest234@justchat.test,TestPass123!,Load Test User 234
loadtest235@justchat.test,TestPass123!,Load Test User 235
loadtest236@justchat.test,TestPass123!,Load Test User 236
loadtest237@justchat.test,TestPass123!,Load Test User 237
loadtest238@justchat.test,TestPass123!,Load Test User 238
loadtest239@justchat.test,TestPass123!,Load Test User 239
loadtest240@justchat.test,TestPass123!,Load Test User 240
loadtest241@justchat.test,TestPass123!,Load Test User 241
loadtest242@justchat.test,TestPass123!,Load Test User 242
loadtest243@justchat.test,TestPass123!,Load Test User 243
loadtest244@justchat.test,TestPass123!,Load Test User 244
loadtest245@justchat.test,TestPass123!,Load Test User 245
loadtest246@justchat.test,TestPass123!,Load Test User 246
loadtest247@justchat.test,TestPass123!,Load Test User 247
loadtest248@justchat.test,TestPass123!,Load Test User 248
loadtest249@justchat.test,TestPass123!,Load Test User 249
loadtest250@justchat.test,TestPass123!,Load Test User 250
loadtest251@justchat.test,TestPass123!,Load Test User 251
loadtest252@justchat.test,TestPass123!,Load Test User 252
loadtest253@justchat.test,TestPass123!,Load Test User 253
loadtest254@justchat.test,TestPass123!,Load Test User 254
loadtest255@justchat.test,TestPass123!,Load Test User 255
loadtest256@justchat.test,TestPass123!,Load Test User 256
loadtest257@justchat.test,TestPass123!,Load Test User 257
loadtest258@justchat.test,TestPass123!,Load Test User 258
loadtest259@justchat.test,TestPass123!,Load Test User 259
loadtest260@justchat.test,TestPass123!,Load Test User 260
loadtest261@justchat.test,TestPass123!,Load Test User 261
loadtest262@justchat.test,TestPass123!,Load Test User 262
loadtest263@justchat.test,TestPass123!,Load Test User 263
loadtest264@justchat.test,TestPass123!,Load Test User 264
loadtest265@justchat.test,TestPass123!,Load Test User 265
loadtest266@justchat.test,TestPass123!,Load Test User 266
loadtest267@justchat.test,TestPass123!,Load Test User 267
loadtest268@justchat.test,TestPass123!,Load Test User 268
loadtest269@justchat.test,TestPass123!,Load Test User 269
loadtest270@justchat.test,TestPass123!,Load Test User 270
loadtest271@justchat.test,TestPass123!,Load Test User 271
loadtest272@justchat.test,TestPass123!,Load Test User 272
loadtest273@justchat.test,TestPass123!,Load Test User 273
loadtest274@justchat.test,TestPass123!,Load Test User 274
loadtest275@justchat.test,TestPass123!,Load Test User 275
loadtest276@justchat.test,TestPass123!,Load Test User 276
loadtest277@justchat.test,TestPass123!,Load Test User 277
loadtest278@justchat.test,TestPass123!,Load Test User 278
loadtest279@justchat.test,TestPass123!,Load Test User 279
loadtest280@justchat.test,TestPass123!,Load Test User 280
loadtest281@justchat.test,TestPass123!,Load Test User 281
loadtest282@justchat.test,TestPass123!,Load Test User 282
loadtest283@justchat.test,TestPass123!,Load Test User 283
loadtest284@justchat.test,TestPass123!,Load Test User 284
loadtest285@justchat.test,TestPass123!,Load Test User 285
loadtest286@justchat.test,TestPass123!,Load Test User 286
loadtest287@justchat.test,TestPass123!,Load Test User 287
loadtest288@justchat.test,TestPass123!,Load Test User 288
loadtest289@justchat.test,TestPass123!,Load Test User 289
loadtest290@justchat.test,TestPass123!,Load Test User 290
loadtest291@justchat.test,TestPass123!,Load Test User 291
loadtest292@justchat.test,TestPass123!,Load Test User 292
loadtest293@justchat.test,TestPass123!,Load Test User 293
loadtest294@justchat.test,TestPass123!,Load Test User 294
loadtest295@justchat.test,TestPass123!,Load Test User 295
loadtest296@justchat.test,TestPass123!,Load Test User 296
loadtest297@justchat.test,TestPass123!,Load Test User 297
loadtest298@justchat.test,TestPass123!,Load Test User 298
loadtest299@justchat.test,TestPass123!,Load Test User 299
loadtest300@justchat.test,TestPass123!,Load Test User 300
loadtest301@justchat.test,TestPass123!,Load Test User 301
loadtest302@justchat.test,TestPass123!,Load Test User 302
loadtest303@justchat.test,TestPass123!,Load Test User 303
loadtest304@justchat.test,TestPass123!,Load Test User 304
loadtest305@justchat.test,TestPass123!,Load Test User 305
loadtest306@justchat.test,TestPass123!,Load Test User 306
loadtest307@justchat.test,TestPass123!,Load Test User 307
loadtest308@justchat.test,TestPass123!,Load Test User 308
loadtest309@justchat.test,TestPass123!,Load Test User 309
loadtest310@justchat.test,TestPass123!,Load Test User 310
loadtest311@justchat.test,TestPass123!,Load Test User 311
loadtest312@justchat.test,TestPass123!,Load Test User 312
loadtest313@justchat.test,TestPass123!,Load Test User 313
loadtest314@justchat.test,TestPass123!,Load Test User 314
loadtest315@justchat.test,TestPass123!,Load Test User 315
loadtest316@justchat.test,TestPass123!,Load Test User 316
loadtest317@justchat.test,TestPass123!,Load Test User 317
loadtest318@justchat.test,TestPass123!,Load Test User 318
loadtest319@justchat.test,TestPass123!,Load Test User 319
loadtest320@justchat.test,TestPass123!,Load Test User 320
loadtest321@justchat.test,TestPass123!,Load Test User 321
loadtest322@justchat.test,TestPass123!,Load Test User 322
loadtest323@justchat.test,TestPass123!,Load Test User 323
loadtest324@justchat.test,TestPass123!,Load Test User 324
loadtest325@justchat.test,TestPass123!,Load Test User 325
loadtest326@justchat.test,TestPass123!,Load Test User 326
loadtest327@justchat.test,TestPass123!,Load Test User 327
loadtest328@justchat.test,TestPass123!,Load Test User 328
loadtest329@justchat.test,TestPass123!,Load Test User 329
loadtest330@justchat.test,TestPass123!,Load Test User 330
loadtest331@justchat.test,TestPass123!,Load Test User 331
loadtest332@justchat.test,TestPass123!,Load Test User 332
loadtest333@justchat.test,TestPass123!,Load Test User 333
loadtest334@justchat.test,TestPass123!,Load Test User 334
loadtest335@justchat.test,TestPass123!,Load Test User 335
loadtest336@justchat.test,TestPass123!,Load Test User 336
loadtest337@justchat.test,TestPass123!,Load Test User 337
loadtest338@justchat.test,TestPass123!,Load Test User 338
loadtest339@justchat.test,TestPass123!,Load Test User 339
loadtest340@justchat.test,TestPass123!,Load Test User 340
loadtest341@justchat.test,TestPass123!,Load Test User 341
loadtest342@justchat.test,TestPass123!,Load Test User 342
loadtest343@justchat.test,TestPass123!,Load Test User 343
loadtest344@justchat.test,TestPass123!,Load Test User 344
loadtest345@justchat.test,TestPass123!,Load Test User 345
loadtest346@justchat.test,TestPass123!,Load Test User 346
loadtest347@justchat.test,TestPass123!,Load Test User 347
loadtest348@justchat.test,TestPass123!,Load Test User 348
loadtest349@justchat.test,TestPass123!,Load Test User 349
loadtest350@justchat.test,TestPass123!,Load Test User 350
